url,title
https://quotes.toscrape.com/tag/change/page/1/,Quotes to Scrape
https://quotes.toscrape.com/tag/deep-thoughts/page/1/,Quotes to Scrape
https://quotes.toscrape.com/tag/thinking/page/1/,Quotes to Scrape
https://quotes.toscrape.com/tag/world/page/1/,Quotes to Scrape
https://quotes.toscrape.com/tag/abilities/page/1/,Quotes to Scrape
https://quotes.toscrape.com/tag/choices/page/1/,Quotes to Scrape
https://quotes.toscrape.com/tag/inspirational/page/1/,Quotes to Scrape
https://quotes.toscrape.com/tag/life/page/1/,Quotes to Scrape
https://quotes.toscrape.com/tag/live/page/1/,Quotes to Scrape
https://quotes.toscrape.com/tag/miracle/page/1/,Quotes to Scrape
https://quotes.toscrape.com/tag/miracles/page/1/,Quotes to Scrape
https://quotes.toscrape.com/tag/aliteracy/page/1/,Quotes to Scrape
https://quotes.toscrape.com/tag/classic/page/1/,Quotes to Scrape
https://quotes.toscrape.com/tag/books/page/1/,Quotes to Scrape
https://quotes.toscrape.com/tag/humor/page/1/,Quotes to Scrape
https://quotes.toscrape.com/tag/be-yourself/page/1/,Quotes to Scrape
https://quotes.toscrape.com/tag/simile/,Quotes to Scrape
https://quotes.toscrape.com/tag/truth/,Quotes to Scrape
https://quotes.toscrape.com/tag/friends/,Quotes to Scrape
https://quotes.toscrape.com/tag/friendship/,Quotes to Scrape
https://quotes.toscrape.com/tag/open-mind/page/1/,Quotes to Scrape
